NPA,NXX
201,202
201,203
201,206
201,212
201,214
201,218
201,220
201,221
201,226
201,229
201,235
201,245
201,249
201,250
201,254
201,270
201,276
201,280
201,281
201,286
201,289
201,290
201,291
201,294
201,296
201,300
201,310
201,314
201,315
201,321
201,329
201,334
201,336
201,342
201,343
201,359
201,362
201,364
201,368
201,370
201,373
201,376
201,382
201,390
201,394
201,397
201,398
201,403
201,406
201,410
201,414
201,417
201,421
201,440
201,441
201,446
201,449
201,450
201,457
201,458
201,464
201,468
201,470
201,475
201,478
201,481
201,487
201,488
201,489
201,490
201,491
201,494
201,495
201,498
201,509
201,518
201,519
201,522
201,525
201,527
201,538
201,543
201,546
201,556
201,561
201,562
201,566
201,570
201,575
201,580
201,584
201,587
201,607
201,615
201,621
201,625
201,637
201,638
201,641
201,646
201,647
201,655
201,657
201,663
201,665
201,674
201,678
201,679
201,681
201,686
201,693
201,694
201,695
201,696
201,697
201,703
201,707
201,708
201,712
201,718
201,723
201,732
201,741
201,742
201,745
201,747
201,752
201,753
201,755
201,756
201,759
201,769
201,773
201,774
201,776
201,789
201,791
201,794
201,796
201,797
201,803
201,202
201,203
201,206
201,212
201,214
201,218
201,220
201,221
201,226
201,229
201,235
201,245
201,249
201,250
201,254
201,270
201,276
201,280
201,281
201,286
201,289
201,290
201,291
201,294
201,296
201,300
201,310
201,314
201,315
201,321
201,329
201,334
201,336
201,342
201,343
201,359
201,362
201,364
201,368
201,370
201,373
201,376
201,382
201,390
201,394
201,397
201,398
201,403
201,406
201,410
201,414
201,417
201,421
201,440
201,441
201,446
201,449
201,450
201,457
201,458
201,464
201,468
201,470
201,475
201,478
201,481
201,487
201,488
201,489
201,490
201,491
201,494
201,495
201,498
201,509
201,518
201,519
201,522
201,525
201,527
201,538
201,543
201,546
201,556
201,561
201,562
201,566
201,570
201,575
201,580
201,584
201,587
201,607
201,615
201,621
201,625
201,637
201,638
201,641
201,646
201,647
201,655
201,657
201,663
201,665
201,674
201,678
201,679
201,681
201,686
201,693
201,694
201,695
201,696
201,697
201,703
201,707
201,708
201,712
201,718
201,723
201,732
201,741
201,742
201,745
201,747
201,752
201,753
201,755
201,756
201,759
201,769
201,773
201,774
201,776
201,789
201,791
201,794
201,796
201,797
201,803
